city,district
Akkaraipattu,Ampara
Ambagahawatta,Ampara
Ampara,Ampara
Bakmitiyawa,Ampara
Deegawapiya,Ampara
Devalahinda,Ampara
Digamadulla Weeragoda,Ampara
Dorakumbura,Ampara
Gonagolla,Ampara
Hulannuge,Ampara
Kalmunai,Ampara
Kannakipuram,Ampara
Karativu,Ampara
Kekirihena,Ampara
Koknahara,Ampara
Kolamanthalawa,Ampara
Komari,Ampara
Lahugala,Ampara
Irakkamam,Ampara
Mahaoya,Ampara
Marathamune,Ampara
Namaloya,Ampara
Navithanveli,Ampara
Nintavur,Ampara
Oluvil,Ampara
Padiyatalawa,Ampara
Pahalalanda,Ampara
Panama,Ampara
Pannalagama,Ampara
Paragahakele,Ampara
Periyaneelavanai,Ampara
Polwaga Janapadaya,Ampara
Pottuvil,Ampara
Sainthamaruthu,Ampara
Samanthurai,Ampara
Serankada,Ampara
Tempitiya,Ampara
Thambiluvil,Ampara
Tirukovil,Ampara
Uhana,Ampara
Wadinagala,Ampara
Wanagamuwa,Ampara
Angamuwa,Anuradhapura
Anuradhapura,Anuradhapura
Awukana,Anuradhapura
Bogahawewa,Anuradhapura
Dematawewa,Anuradhapura
Dimbulagala,Anuradhapura
Dutuwewa,Anuradhapura
Elayapattuwa,Anuradhapura
Ellewewa,Anuradhapura
Eppawala,Anuradhapura
Etawatunuwewa,Anuradhapura
Etaweeragollewa,Anuradhapura
Galapitagala,Anuradhapura
Galenbindunuwewa,Anuradhapura
Galkadawala,Anuradhapura
Galkiriyagama,Anuradhapura
Galkulama,Anuradhapura
Galnewa,Anuradhapura
Gambirigaswewa,Anuradhapura
Ganewalpola,Anuradhapura
Gemunupura,Anuradhapura
Getalawa,Anuradhapura
Gnanikulama,Anuradhapura
Gonahaddenawa,Anuradhapura
Habarana,Anuradhapura
Halmillawa Dambulla,Anuradhapura
Halmillawetiya,Anuradhapura
Hidogama,Anuradhapura
Horawpatana,Anuradhapura
Horiwila,Anuradhapura
Hurigaswewa,Anuradhapura
Hurulunikawewa,Anuradhapura
Ihala Puliyankulama,Anuradhapura
Kagama,Anuradhapura
Kahatagasdigiliya,Anuradhapura
Kahatagollewa,Anuradhapura
Kalakarambewa,Anuradhapura
Kalaoya,Anuradhapura
Kalawedi Ulpotha,Anuradhapura
Kallanchiya,Anuradhapura
Kalpitiya,Anuradhapura
Kalukele Badanagala,Anuradhapura
Kapugallawa,Anuradhapura
Karagahawewa,Anuradhapura
Kashyapapura,Anuradhapura
Kebithigollewa,Anuradhapura
Kekirawa,Anuradhapura
Kendewa,Anuradhapura
Kiralogama,Anuradhapura
Kirigalwewa,Anuradhapura
Kirimundalama,Anuradhapura
Kitulhitiyawa,Anuradhapura
Kurundankulama,Anuradhapura
Labunoruwa,Anuradhapura
Ihalagama,Anuradhapura
Ipologama,Anuradhapura
Madatugama,Anuradhapura
Maha Elagamuwa,Anuradhapura
Mahabulankulama,Anuradhapura
Mahailluppallama,Anuradhapura
Mahakanadarawa,Anuradhapura
Mahapothana,Anuradhapura
Mahasenpura,Anuradhapura
Mahawilachchiya,Anuradhapura
Mailagaswewa,Anuradhapura
Malwanagama,Anuradhapura
Maneruwa,Anuradhapura
Maradankadawala,Anuradhapura
Maradankalla,Anuradhapura
Medawachchiya,Anuradhapura
Megodawewa,Anuradhapura
Mihintale,Anuradhapura
Morakewa,Anuradhapura
Mulkiriyawa,Anuradhapura
Muriyakadawala,Anuradhapura
Colombo 15,Colombo
Nachchaduwa,Anuradhapura
Namalpura,Anuradhapura
Negampaha,Anuradhapura
Nochchiyagama,Anuradhapura
Nuwaragala,Anuradhapura
Padavi Maithripura,Anuradhapura
Padavi Parakramapura,Anuradhapura
Padavi Sripura,Anuradhapura
Padavi Sritissapura,Anuradhapura
Padaviya,Anuradhapura
Padikaramaduwa,Anuradhapura
Pahala Halmillewa,Anuradhapura
Pahala Maragahawe,Anuradhapura
Pahalagama,Anuradhapura
Palugaswewa,Anuradhapura
Pandukabayapura,Anuradhapura
Pandulagama,Anuradhapura
Parakumpura,Anuradhapura
Parangiyawadiya,Anuradhapura
Parasangahawewa,Anuradhapura
Pelatiyawa,Anuradhapura
Pemaduwa,Anuradhapura
Perimiyankulama,Anuradhapura
Pihimbiyagolewa,Anuradhapura
Pubbogama,Anuradhapura
Punewa,Anuradhapura
Rajanganaya,Anuradhapura
Rambewa,Anuradhapura
Rampathwila,Anuradhapura
Rathmalgahawewa,Anuradhapura
Saliyapura,Anuradhapura
Seeppukulama,Anuradhapura
Senapura,Anuradhapura
Sivalakulama,Anuradhapura
Siyambalewa,Anuradhapura
Sravasthipura,Anuradhapura
Talawa,Anuradhapura
Tambuttegama,Anuradhapura
Tammennawa,Anuradhapura
Tantirimale,Anuradhapura
Telhiriyawa,Anuradhapura
Tirappane,Anuradhapura
Tittagonewa,Anuradhapura
Udunuwara Colony,Anuradhapura
Upuldeniya,Anuradhapura
Uttimaduwa,Anuradhapura
Vellamanal,Anuradhapura
Viharapalugama,Anuradhapura
Wahalkada,Anuradhapura
Wahamalgollewa,Anuradhapura
Walagambahuwa,Anuradhapura
Walahaviddawewa,Anuradhapura
Welimuwapotana,Anuradhapura
Welioya Project,Anuradhapura
Akkarasiyaya,Badulla
Aluketiyawa,Badulla
Aluttaramma,Badulla
Ambadandegama,Badulla
Ambagasdowa,Badulla
Arawa,Badulla
Arawakumbura,Badulla
Arawatta,Badulla
Atakiriya,Badulla
Badulla,Badulla
Baduluoya,Badulla
Ballaketuwa,Badulla
Bambarapana,Badulla
Bandarawela,Badulla
Beramada,Badulla
Bibilegama,Badulla
Boragas,Badulla
Boralanda,Badulla
Bowela,Badulla
Central Camp,Badulla
Damanewela,Badulla
Dambana,Badulla
Dehiattakandiya,Badulla
Demodara,Badulla
Diganatenna,Badulla
Dikkapitiya,Badulla
Dimbulana,Badulla
Divulapelessa,Badulla
Diyatalawa,Badulla
Dulgolla,Badulla
Ekiriyankumbura,Badulla
Ella,Badulla
Ettampitiya,Badulla
Galauda,Badulla
Galporuyaya,Badulla
Gawarawela,Badulla
Girandurukotte,Badulla
Godunna,Badulla
Gurutalawa,Badulla
Haldummulla,Badulla
Hali Ela,Badulla
Hangunnawa,Badulla
Haputale,Badulla
Hebarawa,Badulla
Heeloya,Badulla
Helahalpe,Badulla
Helapupula,Badulla
Hopton,Badulla
Idalgashinna,Badulla
Kahataruppa,Badulla
Kalugahakandura,Badulla
Kalupahana,Badulla
Kebillawela,Badulla
Kendagolla,Badulla
Keselpotha,Badulla
Ketawatta,Badulla
Kiriwanagama,Badulla
Koslanda,Badulla
Kuruwitenna,Badulla
Kuttiyagolla,Badulla
Landewela,Badulla
Liyangahawela,Badulla
Lunugala,Badulla
Lunuwatta,Badulla
Madulsima,Badulla
Mahiyanganaya,Badulla
Makulella,Badulla
Malgoda,Badulla
Mapakadawewa,Badulla
Maspanna,Badulla
Maussagolla,Badulla
Mawanagama,Badulla
Medawela Udukinda,Badulla
Meegahakiula,Badulla
Metigahatenna,Badulla
Mirahawatta,Badulla
Miriyabedda,Badulla
Nawamedagama,Badulla
Nelumgama,Badulla
Nikapotha,Badulla
Nugatalawa,Badulla
Ohiya,Badulla
Pahalarathkinda,Badulla
Pallekiruwa,Badulla
Passara,Badulla
Pattiyagedara,Badulla
Pelagahatenna,Badulla
Perawella,Badulla
Pitamaruwa,Badulla
Pitapola,Badulla
Puhulpola,Badulla
Rajagalatenna,Badulla
Rathkarawwa,Badulla
Ridimaliyadda,Badulla
Silmiyapura,Badulla
Sirimalgoda,Badulla
Siripura,Badulla
Sorabora Colony,Badulla
Soragune,Badulla
Soranathota,Badulla
Taldena,Badulla
Timbirigaspitiya,Badulla
Uduhawara,Badulla
Uraniya,Badulla
Uva Karandagolla,Badulla
Uva Mawelagama,Badulla
Uva Tenna,Badulla
Uva Tissapura,Badulla
Welimada,Badulla
Weranketagoda,Badulla
Wewatta,Badulla
Wineethagama,Badulla
Yalagamuwa,Badulla
Yalwela,Badulla
Addalaichenai,Batticaloa
Ampilanthurai,Batticaloa
Araipattai,Batticaloa
Ayithiyamalai,Batticaloa
Bakiella,Batticaloa
Batticaloa,Batticaloa
Cheddipalayam,Batticaloa
Chenkaladi,Batticaloa
Eravur,Batticaloa
Kaluwanchikudi,Batticaloa
Kaluwankemy,Batticaloa
Kannankudah,Batticaloa
Karadiyanaru,Batticaloa
Kathiraveli,Batticaloa
Kattankudi,Batticaloa
Kiran,Batticaloa
Kirankulam,Batticaloa
Koddaikallar,Batticaloa
Kokkaddicholai,Batticaloa
Kurukkalmadam,Batticaloa
Mandur,Batticaloa
Miravodai,Batticaloa
Murakottanchanai,Batticaloa
Navagirinagar,Batticaloa
Navatkadu,Batticaloa
Oddamavadi,Batticaloa
Palamunai,Batticaloa
Pankudavely,Batticaloa
Periyaporativu,Batticaloa
Periyapullumalai,Batticaloa
Pillaiyaradi,Batticaloa
Punanai,Batticaloa
Thannamunai,Batticaloa
Thettativu,Batticaloa
Thikkodai,Batticaloa
Thirupalugamam,Batticaloa
Unnichchai,Batticaloa
Vakaneri,Batticaloa
Vakarai,Batticaloa
Valaichenai,Batticaloa
Vantharumoolai,Batticaloa
Vellavely,Batticaloa
Akarawita,Colombo
Ambalangoda,Colombo
Athurugiriya,Colombo
Avissawella,Colombo
Batawala,Colombo
Battaramulla,Colombo
Biyagama,Colombo
Bope,Colombo
Boralesgamuwa,Colombo
Colombo 8,Colombo
Dedigamuwa,Colombo
Dehiwala,Colombo
Deltara,Colombo
Habarakada,Colombo
Hanwella,Colombo
Hiripitya,Colombo
Hokandara,Colombo
Homagama,Colombo
Horagala,Colombo
Kaduwela,Colombo
Kaluaggala,Colombo
Kapugoda,Colombo
Kehelwatta,Colombo
Kiriwattuduwa,Colombo
Kolonnawa,Colombo
Kosgama,Colombo
Madapatha,Colombo
Maharagama,Colombo
Malabe,Colombo
Moratuwa,Colombo
Mount Lavinia,Colombo
Mullegama,Colombo
Napawela,Colombo
Nugegoda,Colombo
Padukka,Colombo
Pannipitiya,Colombo
Piliyandala,Colombo
Pitipana Homagama,Colombo
Polgasowita,Colombo
Pugoda,Colombo
Ranala,Colombo
Siddamulla,Colombo
Siyambalagoda,Colombo
Sri Jayawardenepura,Colombo
Talawatugoda,Colombo
Tummodara,Colombo
Waga,Colombo
Colombo 6,Colombo
Agaliya,Galle
Ahangama,Galle
Ahungalla,Galle
Akmeemana,Galle
Alawatugoda,Galle
Aluthwala,Galle
Ampegama,Galle
Amugoda,Galle
Anangoda,Galle
Angulugaha,Galle
Ankokkawala,Galle
Aselapura,Galle
Baddegama,Galle
Balapitiya,Galle
Banagala,Galle
Batapola,Galle
Bentota,Galle
Boossa,Galle
Dellawa,Galle
Dikkumbura,Galle
Dodanduwa,Galle
Ella Tanabaddegama,Galle
Elpitiya,Galle
Galle,Galle
Ginimellagaha,Galle
Gintota,Galle
Godahena,Galle
Gonamulla Junction,Galle
Gonapinuwala,Galle
Habaraduwa,Galle
Haburugala,Galle
Hikkaduwa,Galle
Hiniduma,Galle
Hiyare,Galle
Kahaduwa,Galle
Kahawa,Galle
Karagoda,Galle
Karandeniya,Galle
Kosgoda,Galle
Kottawagama,Galle
Kottegoda,Galle
Kuleegoda,Galle
Magedara,Galle
Mahawela Sinhapura,Galle
Mapalagama,Galle
Mapalagama Central,Galle
Mattaka,Galle
Meda-Keembiya,Galle
Meetiyagoda,Galle
Nagoda,Galle
Nakiyadeniya,Galle
Nawandagala,Galle
Neluwa,Galle
Nindana,Galle
Pahala Millawa,Galle
Panangala,Galle
Pannimulla Panagoda,Galle
Parana Thanayamgoda,Galle
Patana,Galle
Pitigala,Galle
Poddala,Galle
Polgampola,Galle
Porawagama,Galle
Rantotuwila,Galle
Talagampola,Galle
Talgaspe,Galle
Talpe,Galle
Tawalama,Galle
Tiranagama,Galle
Udalamatta,Galle
Udugama,Galle
Uluvitike,Galle
Unawatuna,Galle
Unawitiya,Galle
Uragaha,Galle
Uragasmanhandiya,Galle
Wakwella,Galle
Walahanduwa,Galle
Wanchawela,Galle
Wanduramba,Galle
Warukandeniya,Galle
Watugedara,Galle
Weihena,Galle
Welikanda,Galle
Wilanagama,Galle
Yakkalamulla,Galle
Yatalamatta,Galle
Akaragama,Gampaha
Ambagaspitiya,Gampaha
Ambepussa,Gampaha
Andiambalama,Gampaha
Attanagalla,Gampaha
Badalgama,Gampaha
Banduragoda,Gampaha
Batuwatta,Gampaha
Bemmulla,Gampaha
Biyagama IPZ,Gampaha
Bokalagama,Gampaha
Bollete (WP),Gampaha
Bopagama,Gampaha
Buthpitiya,Gampaha
Dagonna,Gampaha
Danowita,Gampaha
Debahera,Gampaha
Dekatana,Gampaha
Delgoda,Gampaha
Delwagura,Gampaha
Demalagama,Gampaha
Demanhandiya,Gampaha
Dewalapola,Gampaha
Divulapitiya,Gampaha
Divuldeniya,Gampaha
Dompe,Gampaha
Dunagaha,Gampaha
Ekala,Gampaha
Ellakkala,Gampaha
Essella,Gampaha
Galedanda,Gampaha
Gampaha,Gampaha
Ganemulla,Gampaha
Giriulla,Gampaha
Gonawala,Gampaha
Halpe,Gampaha
Hapugastenna,Gampaha
Heiyanthuduwa,Gampaha
Hinatiyana Madawala,Gampaha
Hiswella,Gampaha
Horampella,Gampaha
Hunumulla,Gampaha
Hunupola,Gampaha
Ihala Madampella,Gampaha
Imbulgoda,Gampaha
Ja-Ela,Gampaha
Kadawatha,Gampaha
Kahatowita,Gampaha
Kalagedihena,Gampaha
Kaleliya,Gampaha
Kandana,Gampaha
Katana,Gampaha
Katudeniya,Gampaha
Katunayake,Gampaha
Katunayake Air Force Camp,Gampaha
Katunayake(FTZ),Gampaha
Katuwellegama,Gampaha
Kelaniya,Gampaha
Kimbulapitiya,Gampaha
Kirindiwela,Gampaha
Kitalawalana,Gampaha
Kochchikade,Gampaha
Kotadeniyawa,Gampaha
Kotugoda,Gampaha
Kumbaloluwa,Gampaha
Loluwagoda,Gampaha
Mabodale,Gampaha
Madelgamuwa,Gampaha
Makewita,Gampaha
Makola,Gampaha
Malwana,Gampaha
Mandawala,Gampaha
Marandagahamula,Gampaha
Mellawagedara,Gampaha
Minuwangoda,Gampaha
Mirigama,Gampaha
Miriswatta,Gampaha
Mithirigala,Gampaha
Muddaragama,Gampaha
Mudungoda,Gampaha
Mulleriyawa New Town,Gampaha
Naranwala,Gampaha
Nawana,Gampaha
Nedungamuwa,Gampaha
Negombo,Gampaha
Nikadalupotha,Gampaha
Nikahetikanda,Gampaha
Nittambuwa,Gampaha
Niwandama,Gampaha
Opatha,Gampaha
Pamunugama,Gampaha
Pamunuwatta,Gampaha
Panawala,Gampaha
Pasyala,Gampaha
Peliyagoda,Gampaha
Pepiliyawala,Gampaha
Pethiyagoda,Gampaha
Polpithimukulana,Gampaha
Puwakpitiya,Gampaha
Radawadunna,Gampaha
Radawana,Gampaha
Raddolugama,Gampaha
Ragama,Gampaha
Ruggahawila,Gampaha
Seeduwa,Gampaha
Siyambalape,Gampaha
Talahena,Gampaha
Thambagalla,Gampaha
Thimbirigaskatuwa,Gampaha
Tittapattara,Gampaha
Udathuthiripitiya,Gampaha
Udugampola,Gampaha
Uggalboda,Gampaha
Urapola,Gampaha
Uswetakeiyawa,Gampaha
Veyangoda,Gampaha
Walgammulla,Gampaha
Walpita,Gampaha
Walpola (WP),Gampaha
Wathurugama,Gampaha
Watinapaha,Gampaha
Wattala,Gampaha
Weboda,Gampaha
Wegowwa,Gampaha
Weweldeniya,Gampaha
Yakkala,Gampaha
Yatiyana,Gampaha
Ambalantota,Hambantota
Angunakolapelessa,Hambantota
Angunakolawewa,Hambantota
Bandagiriya Colony,Hambantota
Barawakumbuka,Hambantota
Beliatta,Hambantota
Beragama,Hambantota
Beralihela,Hambantota
Bundala,Hambantota
Ellagala,Hambantota
Gangulandeniya,Hambantota
Getamanna,Hambantota
Goda Koggalla,Hambantota
Gonagamuwa Uduwila,Hambantota
Gonnoruwa,Hambantota
Hakuruwela,Hambantota
Hambantota,Hambantota
Handugala,Hambantota
Hungama,Hambantota
Ihala Beligalla,Hambantota
Iththa Demaliya,Hambantota
Julampitiya,Hambantota
Kahandamodara,Hambantota
Kariyamaditta,Hambantota
Katuwana,Hambantota
Kawantissapura,Hambantota
Kirama,Hambantota
Kirinda,Hambantota
Lunama,Hambantota
Lunugamwehera,Hambantota
Magama,Hambantota
Mahagalwewa,Hambantota
Mamadala,Hambantota
Medamulana,Hambantota
Middeniya,Hambantota
Meegahajandura,Hambantota
Modarawana,Hambantota
Mulkirigala,Hambantota
Nakulugamuwa,Hambantota
Netolpitiya,Hambantota
Nihiluwa,Hambantota
Padawkema,Hambantota
Pahala Andarawewa,Hambantota
Rammalawarapitiya,Hambantota
Ranakeliya,Hambantota
Ranmuduwewa,Hambantota
Ranna,Hambantota
Ratmalwala,Hambantota
Ruhunu Ridiyagama,Hambantota
Sooriyawewa Town,Hambantota
Tangalla,Hambantota
Tissamaharama,Hambantota
Uda Gomadiya,Hambantota
Udamattala,Hambantota
Uswewa,Hambantota
Vitharandeniya,Hambantota
Walasmulla,Hambantota
Weeraketiya,Hambantota
Weerawila,Hambantota
Weerawila NewTown,Hambantota
Wekandawela,Hambantota
Weligatta,Hambantota
Yatigala,Hambantota
Jaffna,Jaffna
Agalawatta,Kalutara
Alubomulla,Kalutara
Anguruwatota,Kalutara
Atale,Kalutara
Baduraliya,Kalutara
Bandaragama,Kalutara
Batugampola,Kalutara
Bellana,Kalutara
Beruwala,Kalutara
Bolossagama,Kalutara
Bombuwala,Kalutara
Boralugoda,Kalutara
Bulathsinhala,Kalutara
Danawala Thiniyawala,Kalutara
Delmella,Kalutara
Dharga Town,Kalutara
Diwalakada,Kalutara
Dodangoda,Kalutara
Dombagoda,Kalutara
Ethkandura,Kalutara
Galpatha,Kalutara
Gamagoda,Kalutara
Gonagalpura,Kalutara
Gonapola Junction,Kalutara
Govinna,Kalutara
Gurulubadda,Kalutara
Halkandawila,Kalutara
Haltota,Kalutara
Halvitigala Colony,Kalutara
Halwala,Kalutara
Halwatura,Kalutara
Handapangoda,Kalutara
Hedigalla Colony,Kalutara
Henegama,Kalutara
Hettimulla,Kalutara
Horana,Kalutara
Ittapana,Kalutara
Kahawala,Kalutara
Kalawila Kiranthidiya,Kalutara
Kalutara,Kalutara
Kananwila,Kalutara
Kandanagama,Kalutara
Kelinkanda,Kalutara
Kitulgoda,Kalutara
Koholana,Kalutara
Kuda Uduwa,Kalutara
Labbala,Kalutara
Ihalahewessa,Kalutara
Induruwa,Kalutara
Ingiriya,Kalutara
Maggona,Kalutara
Mahagama,Kalutara
Mahakalupahana,Kalutara
Maharangalla,Kalutara
Malgalla Talangalla,Kalutara
Matugama,Kalutara
Meegahatenna,Kalutara
Meegama,Kalutara
Meegoda,Kalutara
Millaniya,Kalutara
Millewa,Kalutara
Miwanapalana,Kalutara
Molkawa,Kalutara
Morapitiya,Kalutara
Morontuduwa,Kalutara
Nawattuduwa,Kalutara
Neboda,Kalutara
Padagoda,Kalutara
Pahalahewessa,Kalutara
Paiyagala,Kalutara
Panadura,Kalutara
Pannala,Kalutara
Paragastota,Kalutara
Paragoda,Kalutara
Paraigama,Kalutara
Pelanda,Kalutara
Pelawatta,Kalutara
Pimbura,Kalutara
Pitagaldeniya,Kalutara
Pokunuwita,Kalutara
Poruwedanda,Kalutara
Ratmale,Kalutara
Remunagoda,Kalutara
Talgaswela,Kalutara
Tebuwana,Kalutara
Uduwara,Kalutara
Utumgama,Kalutara
Veyangalla,Kalutara
Wadduwa,Kalutara
Walagedara,Kalutara
Walallawita,Kalutara
Waskaduwa,Kalutara
Welipenna,Kalutara
Weliveriya,Kalutara
Welmilla Junction,Kalutara
Weragala,Kalutara
Yagirala,Kalutara
Yatadolawatta,Kalutara
Yatawara Junction,Kalutara
Aludeniya,Kandy
Ambagahapelessa,Kandy
Ambagamuwa Udabulathgama,Kandy
Ambatenna,Kandy
Ampitiya,Kandy
Ankumbura,Kandy
Atabage,Kandy
Balana,Kandy
Bambaragahaela,Kandy
Batagolladeniya,Kandy
Batugoda,Kandy
Batumulla,Kandy
Bawlana,Kandy
Bopana,Kandy
Danture,Kandy
Dedunupitiya,Kandy
Dekinda,Kandy
Deltota,Kandy
Divulankadawala,Kandy
Dolapihilla,Kandy
Dolosbage,Kandy
Dunuwila,Kandy
Etulgama,Kandy
Galaboda,Kandy
Galagedara,Kandy
Galaha,Kandy
Galhinna,Kandy
Gampola,Kandy
Gelioya,Kandy
Godamunna,Kandy
Gomagoda,Kandy
Gonagantenna,Kandy
Gonawalapatana,Kandy
Gunnepana,Kandy
Gurudeniya,Kandy
Hakmana,Kandy
Handaganawa,Kandy
Handawalapitiya,Kandy
Handessa,Kandy
Hanguranketha,Nuwara Eliya
Harangalagama,Kandy
Hataraliyadda,Kandy
Hindagala,Kandy
Hondiyadeniya,Kandy
Hunnasgiriya,Kandy
Inguruwatta,Kandy
Jambugahapitiya,Kandy
Kadugannawa,Kandy
Kahataliyadda,Kandy
Kalugala,Kandy
Kandy,Kandy
Kapuliyadde,Kandy
Katugastota,Kandy
Katukitula,Kandy
Kelanigama,Kandy
Kengalla,Kandy
Ketaboola,Kandy
Ketakumbura,Kandy
Kobonila,Kandy
Kolabissa,Kandy
Kolongoda,Kandy
Kulugammana,Kandy
Kumbukkandura,Kandy
Kumburegama,Kandy
Kundasale,Kandy
Leemagahakotuwa,Kandy
Ihala Kobbekaduwa,Kandy
Lunugama,Kandy
Lunuketiya Maditta,Kandy
Madawala Bazaar,Kandy
Madawalalanda,Kandy
Madugalla,Kandy
Madulkele,Kandy
Mahadoraliyadda,Kandy
Mahamedagama,Kandy
Mahanagapura,Kandy
Mailapitiya,Kandy
Makkanigama,Kandy
Makuldeniya,Kandy
Mangalagama,Kandy
Mapakanda,Kandy
Marassana,Kandy
Marymount Colony,Nuwara Eliya
Mawatura,Kandy
Medamahanuwara,Kandy
Medawala Harispattuwa,Kandy
Meetalawa,Kandy
Megoda Kalugamuwa,Kandy
Menikdiwela,Kandy
Menikhinna,Kandy
Mimure,Kandy
Minigamuwa,Kandy
Minipe,Kandy
Moragahapallama,Kandy
Murutalawa,Kandy
Muruthagahamulla,Kandy
Nanuoya,Kandy
Naranpanawa,Kandy
Narawelpita,Kandy
Nawalapitiya,Kandy
Nawathispane,Kandy
Nillambe,Kandy
Nugaliyadda,Kandy
Ovilikanda,Kandy
Pallekotuwa,Kandy
Panwilatenna,Kandy
Paradeka,Kandy
Pasbage,Kandy
Pattitalawa,Kandy
Peradeniya,Kandy
Pilimatalawa,Kandy
Poholiyadda,Kandy
Pubbiliya,Kandy
Pupuressa,Kandy
Pussellawa,Kandy
Putuhapuwa,Kandy
Rajawella,Kandy
Rambukpitiya,Kandy
Rambukwella,Kandy
Rangala,Kandy
Rantembe,Kandy
Sangarajapura,Kandy
Senarathwela,Kandy
Talatuoya,Kandy
Teldeniya,Kandy
Tennekumbura,Kandy
Uda Peradeniya,Kandy
Udahentenna,Kandy
Udatalawinna,Kandy
Udispattuwa,Kandy
Ududumbara,Kandy
Uduwahinna,Kandy
Uduwela,Kandy
Ulapane,Kandy
Unuwinna,Kandy
Velamboda,Kandy
Watagoda,Kandy
Watagoda Harispattuwa,Kandy
Wattappola,Kandy
Weligampola,Kandy
Wendaruwa,Kandy
Weragantota,Kandy
Werapitya,Kandy
Werellagama,Kandy
Wettawa,Kandy
Yahalatenna,Kandy
Yatihalagala,Kandy
Alawala,Kegalle
Alawatura,Kegalle
Alawwa,Kegalle
Algama,Kegalle
Alutnuwara,Kegalle
Ambalakanda,Kegalle
Ambulugala,Kegalle
Amitirigala,Kegalle
Ampagala,Kegalle
Anhandiya,Kegalle
Anhettigama,Kegalle
Aranayaka,Kegalle
Aruggammana,Kegalle
Batuwita,Kegalle
Beligala(Sab),Kegalle
Belihuloya,Kegalle
Berannawa,Kegalle
Bopitiya,Kegalle
Bopitiya (SAB),Kegalle
Boralankada,Kegalle
Bossella,Kegalle
Bulathkohupitiya,Kegalle
Damunupola,Kegalle
Debathgama,Kegalle
Dedugala,Kegalle
Deewala Pallegama,Kegalle
Dehiowita,Kegalle
Deldeniya,Kegalle
Deloluwa,Kegalle
Deraniyagala,Kegalle
Dewalegama,Kegalle
Dewanagala,Kegalle
Dombemada,Kegalle
Dorawaka,Kegalle
Dunumala,Kegalle
Galapitamada,Kegalle
Galatara,Kegalle
Galigamuwa Town,Kegalle
Gallella,Kegalle
Galpatha(Sab),Kegalle
Gantuna,Kegalle
Getahetta,Kegalle
Godagampola,Kegalle
Gonagala,Kegalle
Hakahinna,Kegalle
Hakbellawaka,Kegalle
Halloluwa,Kegalle
Hedunuwewa,Kegalle
Hemmatagama,Kegalle
Hewadiwela,Kegalle
Hingula,Kegalle
Hinguralakanda,Kegalle
Hingurana,Kegalle
Hiriwadunna,Kegalle
Ihala Walpola,Kegalle
Ihalagama,Kegalle
Imbulana,Kegalle
Imbulgasdeniya,Kegalle
Kabagamuwa,Kegalle
Kahapathwala,Kegalle
Kandaketya,Kegalle
Kannattota,Kegalle
Karagahinna,Kegalle
Kegalle,Kegalle
Kehelpannala,Kegalle
Ketawala Leula,Kegalle
Kitulgala,Kegalle
Kondeniya,Kegalle
Kotiyakumbura,Kegalle
Lewangama,Kegalle
Mahabage,Kegalle
Makehelwala,Kegalle
Malalpola,Kegalle
Maldeniya,Kegalle
Maliboda,Kegalle
Maliyadda,Kegalle
Malmaduwa,Kegalle
Marapana,Kegalle
Mawanella,Kegalle
Meetanwala,Kegalle
Migastenna Sabara,Kegalle
Miyanawita,Kegalle
Molagoda,Kegalle
Morontota,Kegalle
Narangala,Kegalle
Narangoda,Kegalle
Nattarampotha,Kegalle
Nelundeniya,Kegalle
Niyadurupola,Kegalle
Noori,Kegalle
Pannila,Kegalle
Pattampitiya,Kegalle
Pilawala,Kegalle
Pothukoladeniya,Kegalle
Puswelitenna,Kegalle
Rambukkana,Kegalle
Rilpola,Kegalle
Rukmale,Kegalle
Ruwanwella,Kegalle
Samanalawewa,Kegalle
Seaforth Colony,Kegalle
Colombo 2,Colombo
Spring Valley,Kegalle
Talgaspitiya,Kegalle
Teligama,Kegalle
Tholangamuwa,Kegalle
Thotawella,Kegalle
Udaha Hawupe,Kegalle
Udapotha,Kegalle
Uduwa,Kegalle
Undugoda,Kegalle
Ussapitiya,Kegalle
Wahakula,Kegalle
Waharaka,Kegalle
Wanaluwewa,Kegalle
Warakapola,Kegalle
Watura,Kegalle
Weeoya,Kegalle
Wegalla,Kegalle
Weligalla,Kegalle
Welihelatenna,Kegalle
Wewelwatta,Kegalle
Yatagama,Kegalle
Yatapana,Kegalle
Yatiyantota,Kegalle
Yattogoda,Kegalle
Kandavalai,Kilinochchi
Karachchi,Kilinochchi
Kilinochchi,Kilinochchi
Pachchilaipalli,Kilinochchi
Poonakary,Kilinochchi
Akurana,Kandy
Alahengama,Kurunegala
Alahitiyawa,Kurunegala
Ambakote,Kurunegala
Ambanpola,Kurunegala
Andiyagala,Kurunegala
Anukkane,Kurunegala
Aragoda,Kurunegala
Ataragalla,Kurunegala
Awulegama,Kurunegala
Balalla,Kurunegala
Bamunukotuwa,Kurunegala
Bandara Koswatta,Kurunegala
Bingiriya,Kurunegala
Bogamulla,Kurunegala
Boraluwewa,Kurunegala
Boyagane,Kurunegala
Bujjomuwa,Kurunegala
Buluwala,Kurunegala
Dadayamtalawa,Kurunegala
Dambadeniya,Kurunegala
Daraluwa,Kurunegala
Deegalla,Kurunegala
Demataluwa,Kurunegala
Demuwatha,Kurunegala
Diddeniya,Kurunegala
Digannewa,Kurunegala
Divullegoda,Kurunegala
Diyasenpura,Kurunegala
Dodangaslanda,Kurunegala
Doluwa,Kurunegala
Doragamuwa,Kurunegala
Doratiyawa,Kurunegala
Dunumadalawa,Kurunegala
Dunuwilapitiya,Kurunegala
Ehetuwewa,Kurunegala
Elibichchiya,Kurunegala
Embogama,Kurunegala
Etungahakotuwa,Kurunegala
Galadivulwewa,Kurunegala
Galgamuwa,Kurunegala
Gallellagama,Kurunegala
Gallewa,Kurunegala
Ganegoda,Kurunegala
Girathalana,Kurunegala
Gokaralla,Kurunegala
Gonawila,Kurunegala
Halmillawewa,Kurunegala
Handungamuwa,Kurunegala
Harankahawa,Kurunegala
Helamada,Kurunegala
Hengamuwa,Kurunegala
Hettipola,Kurunegala
Hewainna,Kurunegala
Hilogama,Kurunegala
Hindagolla,Kurunegala
Hiriyala Lenawa,Kurunegala
Hiruwalpola,Kurunegala
Horambawa,Kurunegala
Hulogedara,Kurunegala
Hulugalla,Kurunegala
Ihala Gomugomuwa,Kurunegala
Ihala Katugampala,Kurunegala
Indulgodakanda,Kurunegala
Ithanawatta,Kurunegala
Kadigawa,Kurunegala
Kalankuttiya,Kurunegala
Kalatuwawa,Kurunegala
Kalugamuwa,Kurunegala
Kanadeniyawala,Kurunegala
Kanattewewa,Kurunegala
Kandegedara,Kurunegala
Karagahagedara,Kurunegala
Karambe,Kurunegala
Katiyawa,Kurunegala
Katupota,Kurunegala
Kawudulla,Kurunegala
Kawuduluwewa Stagell,Kurunegala
Kekunagolla,Kurunegala
Keppitiwalana,Kurunegala
Kimbulwanaoya,Kurunegala
Kirimetiyawa,Kurunegala
Kirindawa,Kurunegala
Kirindigalla,Kurunegala
Kithalawa,Kurunegala
Kitulwala,Kurunegala
Kobeigane,Kurunegala
Kohilagedara,Kurunegala
Konwewa,Kurunegala
Kosdeniya,Kurunegala
Kosgolla,Kurunegala
Kotagala,Kurunegala
Colombo 13,Colombo
Kotawehera,Kurunegala
Kudagalgamuwa,Kurunegala
Kudakatnoruwa,Kurunegala
Kuliyapitiya,Kurunegala
Kumaragama,Kurunegala
Kumbukgeta,Kurunegala
Kumbukwewa,Kurunegala
Kuratihena,Kurunegala
Kurunegala,Kurunegala
Ibbagamuwa,Kurunegala
Ihala Kadigamuwa,Kurunegala
Lihiriyagama,Kurunegala
Illagolla,Kurunegala
Ilukhena,Kurunegala
Lonahettiya,Kurunegala
Madahapola,Kurunegala
Madakumburumulla,Kurunegala
Madalagama,Kurunegala
Madawala Ulpotha,Kurunegala
Maduragoda,Kurunegala
Maeliya,Kurunegala
Magulagama,Kurunegala
Maha Ambagaswewa,Kurunegala
Mahagalkadawala,Kurunegala
Mahagirilla,Kurunegala
Mahamukalanyaya,Kurunegala
Mahananneriya,Kurunegala
Mahapallegama,Kurunegala
Maharachchimulla,Kurunegala
Mahatalakolawewa,Kurunegala
Mahawewa,Kurunegala
Maho,Kurunegala
Makulewa,Kurunegala
Makulpotha,Kurunegala
Makulwewa,Kurunegala
Malagane,Kurunegala
Mandapola,Kurunegala
Maspotha,Kurunegala
Mawathagama,Kurunegala
Medirigiriya,Kurunegala
Medivawa,Kurunegala
Meegalawa,Kurunegala
Meegaswewa,Kurunegala
Meewellawa,Kurunegala
Melsiripura,Kurunegala
Metikumbura,Kurunegala
Metiyagane,Kurunegala
Minhettiya,Kurunegala
Minuwangete,Kurunegala
Mirihanagama,Kurunegala
Monnekulama,Kurunegala
Moragane,Kurunegala
Moragollagama,Kurunegala
Morathiha,Kurunegala
Munamaldeniya,Kurunegala
Muruthenge,Kurunegala
Mutugala,Kurunegala
Nabadewa,Kurunegala
Nagollagama,Kurunegala
Nagollagoda,Kurunegala
Nakkawatta,Kurunegala
Narammala,Kurunegala
Nawasenapura,Kurunegala
Nawatalwatta,Kurunegala
Nelliya,Kurunegala
Nikaweratiya,Kurunegala
Nugagolla,Kurunegala
Nugawela,Kurunegala
Padeniya,Kurunegala
Padiwela,Kurunegala
Pahalagiribawa,Kurunegala
Pahamune,Kurunegala
Palagala,Kurunegala
Palapathwela,Kurunegala
Palaviya,Kurunegala
Pallewela,Kurunegala
Palukadawala,Kurunegala
Panadaragama,Kurunegala
Panagamuwa,Kurunegala
Panaliya,Kurunegala
Panapitiya,Kurunegala
Panliyadda,Kurunegala
Pansiyagama,Kurunegala
Parape,Kurunegala
Pathanewatta,Kurunegala
Pattiya Watta,Kurunegala
Perakanatta,Kurunegala
Periyakadneluwa,Kurunegala
Pihimbiya Ratmale,Kurunegala
Pihimbuwa,Kurunegala
Pilessa,Kurunegala
Polgahawela,Kurunegala
Polgolla,Kurunegala
Polpithigama,Kurunegala
Pothuhera,Kurunegala
Pothupitiya,Kurunegala
Pujapitiya,Kurunegala
Rakwana,Kurunegala
Ranorawa,Kurunegala
Rathukohodigala,Kurunegala
Ridibendiella,Kurunegala
Ridigama,Kurunegala
Saliya Asokapura,Kurunegala
Sandalankawa,Kurunegala
Sevanapitiya,Kurunegala
Sirambiadiya,Kurunegala
Sirisetagama,Kurunegala
Siyambalangamuwa,Kurunegala
Siyambalawewa,Kurunegala
Solepura,Kurunegala
Solewewa,Kurunegala
Sunandapura,Kurunegala
Talawattegedara,Kurunegala
Tambutta,Kurunegala
Tennepanguwa,Kurunegala
Thalahitimulla,Kurunegala
Thalakolawewa,Kurunegala
Thalwita,Kurunegala
Tharana Udawela,Kurunegala
Thimbiriyawa,Kurunegala
Tisogama,Kurunegala
Thorayaya,Kurunegala
Tulhiriya,Kurunegala
Tuntota,Kurunegala
Tuttiripitigama,Kurunegala
Udagaldeniya,Kurunegala
Udahingulwala,Kurunegala
Udawatta,Kurunegala
Udubaddawa,Kurunegala
Udumulla,Kurunegala
Uhumiya,Kurunegala
Ulpotha Pallekele,Kurunegala
Ulpothagama,Kurunegala
Usgala Siyabmalangamuwa,Kurunegala
Vijithapura,Kurunegala
Wadakada,Kurunegala
Wadumunnegedara,Kurunegala
Walakumburumulla,Kurunegala
Wannigama,Kurunegala
Wannikudawewa,Kurunegala
Wannilhalagama,Kurunegala
Wannirasnayakapura,Kurunegala
Warawewa,Kurunegala
Wariyapola,Kurunegala
Watareka,Kurunegala
Wattegama,Kurunegala
Watuwatta,Kurunegala
Weerapokuna,Kurunegala
Welawa Juncton,Kurunegala
Welipennagahamulla,Kurunegala
Wellagala,Kurunegala
Wellarawa,Kurunegala
Wellawa,Kurunegala
Welpalla,Kurunegala
Wennoruwa,Kurunegala
Weuda,Kurunegala
Wewagama,Kurunegala
Wilgamuwa,Kurunegala
Yakwila,Kurunegala
Yatigaloluwa,Kurunegala
Mannar,Mannar
Puthukudiyiruppu,Mannar
Akuramboda,Matale
Alawatuwala,Matale
Alwatta,Matale
Ambana,Matale
Aralaganwila,Matale
Ataragallewa,Matale
Bambaragaswewa,Matale
Barawardhana Oya,Matale
Beligamuwa,Matale
Damana,Matale
Dambulla,Matale
Damminna,Matale
Dankanda,Matale
Delwite,Matale
Devagiriya,Matale
Dewahuwa,Matale
Divuldamana,Matale
Dullewa,Matale
Dunkolawatta,Matale
Elkaduwa,Matale
Erawula Junction,Matale
Etanawala,Matale
Galewela,Matale
Galoya Junction,Matale
Gammaduwa,Matale
Gangala Puwakpitiya,Matale
Hasalaka,Matale
Hattota Amuna,Matale
Imbulgolla,Matale
Inamaluwa,Matale
Iriyagolla,Matale
Kaikawala,Matale
Kalundawa,Matale
Kandalama,Matale
Kavudupelella,Matale
Kibissa,Matale
Kiwula,Matale
Kongahawela,Matale
Laggala Pallegama,Matale
Leliambe,Matale
Lenadora,Matale
Ihala Halmillewa,Matale
Illukkumbura,Matale
Madipola,Matale
Mahawela,Matale
Mananwatta,Matale
Maraka,Matale
Matale,Matale
Melipitiya,Matale
Metihakka,Matale
Millawana,Matale
Muwandeniya,Matale
Nalanda,Matale
Naula,Matale
Opalgala,Matale
Pallepola,Matale
Pimburattewa,Matale
Pulastigama,Matale
Ranamuregama,Matale
Rattota,Matale
Selagama,Matale
Sigiriya,Matale
Sinhagama,Matale
Sungavila,Matale
Talagoda Junction,Matale
Talakiriyagama,Matale
Tamankaduwa,Matale
Udasgiriya,Matale
Udatenna,Matale
Ukuwela,Matale
Wahacotte,Matale
Walawela,Matale
Wehigala,Matale
Welangahawatte,Matale
Wewalawewa,Matale
Yatawatta,Matale
Akuressa,Matara
Alapaladeniya,Matara
Aparekka,Matara
Athuraliya,Matara
Bengamuwa,Matara
Bopagoda,Matara
Dampahala,Matara
Deegala Lenama,Matara
Deiyandara,Matara
Denagama,Matara
Denipitiya,Matara
Deniyaya,Matara
Derangala,Matara
Devinuwara (Dondra),Matara
Dikwella,Matara
Diyagaha,Matara
Diyalape,Matara
Gandara,Matara
Godapitiya,Matara
Gomilamawarala,Matara
Hawpe,Matara
Horapawita,Matara
Kalubowitiyana,Matara
Kamburugamuwa,Matara
Kamburupitiya,Matara
Karagoda Uyangoda,Matara
Karaputugala,Matara
Karatota,Matara
Kekanadura,Matara
Kiriweldola,Matara
Kiriwelkele,Matara
Kolawenigama,Matara
Kotapola,Matara
Lankagama,Matara
Makandura,Matara
Maliduwa,Matara
Maramba,Matara
Matara,Matara
Mediripitiya,Matara
Miella,Matara
Mirissa,Matara
Morawaka,Matara
Mulatiyana Junction,Matara
Nadugala,Matara
Naimana,Matara
Palatuwa,Matara
Parapamulla,Matara
Pasgoda,Matara
Penetiyana,Matara
Pitabeddara,Matara
Puhulwella,Matara
Radawela,Matara
Ransegoda,Matara
Rotumba,Matara
Sultanagoda,Matara
Telijjawila,Matara
Thihagoda,Matara
Urubokka,Matara
Urugamuwa,Matara
Urumutta,Matara
Viharahena,Matara
Walakanda,Matara
Walasgala,Matara
Waralla,Matara
Weligama,Matara
Wilpita,Matara
Yatiyana,Matara
Ayiwela,Monaragala
Badalkumbura,Monaragala
Baduluwela,Monaragala
Bakinigahawela,Monaragala
Balaharuwa,Monaragala
Bibile,Monaragala
Buddama,Monaragala
Buttala,Monaragala
Dambagalla,Monaragala
Diyakobala,Monaragala
Dombagahawela,Monaragala
Ethimalewewa,Monaragala
Ettiliwewa,Monaragala
Galabedda,Monaragala
Gamewela,Monaragala
Hambegamuwa,Monaragala
Hingurukaduwa,Monaragala
Hulandawa,Monaragala
Inginiyagala,Monaragala
Kandaudapanguwa,Monaragala
Kandawinna,Monaragala
Kataragama,Monaragala
Kotagama,Monaragala
Kotamuduna,Monaragala
Kotawehera Mankada,Monaragala
Kudawewa,Monaragala
Kumbukkana,Monaragala
Marawa,Monaragala
Mariarawa,Monaragala
Medagana,Monaragala
Medawelagama,Monaragala
Miyanakandura,Monaragala
Monaragala,Monaragala
Moretuwegama,Monaragala
Nakkala,Monaragala
Namunukula,Monaragala
Nannapurawa,Monaragala
Nelliyadda,Monaragala
Nilgala,Monaragala
Obbegoda,Monaragala
Okkampitiya,Monaragala
Pangura,Monaragala
Pitakumbura,Monaragala
Randeniya,Monaragala
Ruwalwela,Monaragala
Sella Kataragama,Monaragala
Siyambalagune,Monaragala
Siyambalanduwa,Monaragala
Suriara,Monaragala
Thanamalwila,Monaragala
Uva Gangodagama,Monaragala
Uva Kudaoya,Monaragala
Uva Pelwatta,Monaragala
Warunagama,Monaragala
Wedikumbura,Monaragala
Weherayaya Handapanagala,Monaragala
Wellawaya,Monaragala
Wilaoya,Monaragala
Yudaganawa,Monaragala
Mullativu,Mullaitivu
Agarapathana,Nuwara Eliya
Ambatalawa,Nuwara Eliya
Ambewela,Nuwara Eliya
Bogawantalawa,Nuwara Eliya
Bopattalawa,Nuwara Eliya
Dagampitiya,Nuwara Eliya
Dayagama Bazaar,Nuwara Eliya
Dikoya,Nuwara Eliya
Doragala,Nuwara Eliya
Dunukedeniya,Nuwara Eliya
Egodawela,Nuwara Eliya
Ekiriya,Nuwara Eliya
Elamulla,Nuwara Eliya
Ginigathena,Nuwara Eliya
Gonakele,Nuwara Eliya
Haggala,Nuwara Eliya
Halgranoya,Nuwara Eliya
Hangarapitiya,Nuwara Eliya
Hapugasthalawa,Nuwara Eliya
Harasbedda,Nuwara Eliya
Hatton,Nuwara Eliya
Hewaheta,Nuwara Eliya
Hitigegama,Nuwara Eliya
Jangulla,Nuwara Eliya
Kalaganwatta,Nuwara Eliya
Kandapola,Nuwara Eliya
Karandagolla,Nuwara Eliya
Keerthi Bandarapura,Nuwara Eliya
Kiribathkumbura,Nuwara Eliya
Kotiyagala,Nuwara Eliya
Kotmale,Nuwara Eliya
Kottellena,Nuwara Eliya
Kumbalgamuwa,Nuwara Eliya
Kumbukwela,Nuwara Eliya
Kurupanawela,Nuwara Eliya
Labukele,Nuwara Eliya
Laxapana,Nuwara Eliya
Lindula,Nuwara Eliya
Madulla,Nuwara Eliya
Mandaram Nuwara,Nuwara Eliya
Maskeliya,Nuwara Eliya
Maswela,Nuwara Eliya
Maturata,Nuwara Eliya
Mipanawa,Nuwara Eliya
Mipilimana,Nuwara Eliya
Morahenagama,Nuwara Eliya
Munwatta,Nuwara Eliya
Nayapana Janapadaya,Nuwara Eliya
Nildandahinna,Nuwara Eliya
Nissanka Uyana,Nuwara Eliya
Norwood,Nuwara Eliya
Nuwara Eliya,Nuwara Eliya
Padiyapelella,Nuwara Eliya
Pallebowala,Nuwara Eliya
Panvila,Nuwara Eliya
Pitawala,Nuwara Eliya
Pundaluoya,Nuwara Eliya
Ramboda,Nuwara Eliya
Rikillagaskada,Nuwara Eliya
Rozella,Nuwara Eliya
Rupaha,Nuwara Eliya
Ruwaneliya,Nuwara Eliya
Santhipura,Nuwara Eliya
Talawakele,Nuwara Eliya
Tawalantenna,Nuwara Eliya
Teripeha,Nuwara Eliya
Udamadura,Nuwara Eliya
Udapussallawa,Nuwara Eliya
Uva Deegalla,Nuwara Eliya
Uva Uduwara,Nuwara Eliya
Uvaparanagama,Nuwara Eliya
Walapane,Nuwara Eliya
Watawala,Nuwara Eliya
Widulipura,Nuwara Eliya
Wijebahukanda,Nuwara Eliya
Attanakadawala,Polonnaruwa
Bakamuna,Polonnaruwa
Diyabeduma,Polonnaruwa
Elahera,Polonnaruwa
Giritale,Polonnaruwa
Hingurakdamana,Polonnaruwa
Hingurakgoda,Polonnaruwa
Jayanthipura,Polonnaruwa
Kalingaela,Polonnaruwa
Lakshauyana,Polonnaruwa
Mankemi,Polonnaruwa
Minneriya,Polonnaruwa
Onegama,Polonnaruwa
Orubendi Siyambalawa,Polonnaruwa
Palugasdamana,Polonnaruwa
Panichankemi,Polonnaruwa
Polonnaruwa,Polonnaruwa
Talpotha,Polonnaruwa
Tambala,Polonnaruwa
Unagalavehera,Polonnaruwa
Wijayabapura,Polonnaruwa
Adippala,Puttalam
Alutgama,Puttalam
Alutwewa,Puttalam
Ambakandawila,Puttalam
Anamaduwa,Puttalam
Andigama,Puttalam
Angunawila,Puttalam
Attawilluwa,Puttalam
Bangadeniya,Puttalam
Baranankattuwa,Puttalam
Battuluoya,Puttalam
Bujjampola,Puttalam
Chilaw,Puttalam
Dalukana,Puttalam
Dankotuwa,Puttalam
Dewagala,Puttalam
Dummalasuriya,Puttalam
Dunkannawa,Puttalam
Eluwankulama,Puttalam
Ettale,Puttalam
Galamuna,Puttalam
Galmuruwa,Puttalam
Hansayapalama,Puttalam
Ihala Kottaramulla,Puttalam
Ilippadeniya,Puttalam
Inginimitiya,Puttalam
Ismailpuram,Puttalam
Jayasiripura,Puttalam
Kakkapalliya,Puttalam
Kalkudah,Puttalam
Kalladiya,Puttalam
Kandakuliya,Puttalam
Karathivu,Puttalam
Karawitagara,Puttalam
Karuwalagaswewa,Puttalam
Katuneriya,Puttalam
Koswatta,Puttalam
Kottantivu,Puttalam
Kottapitiya,Puttalam
Kottukachchiya,Puttalam
Kumarakattuwa,Puttalam
Kurinjanpitiya,Puttalam
Kuruketiyawa,Puttalam
Lunuwila,Puttalam
Madampe,Puttalam
Madurankuliya,Puttalam
Mahakumbukkadawala,Puttalam
Mahauswewa,Puttalam
Mampitiya,Puttalam
Mampuri,Puttalam
Mangalaeliya,Puttalam
Marawila,Puttalam
Mudalakkuliya,Puttalam
Mugunuwatawana,Puttalam
Mukkutoduwawa,Puttalam
Mundel,Puttalam
Muttibendiwila,Puttalam
Nainamadama,Puttalam
Nalladarankattuwa,Puttalam
Nattandiya,Puttalam
Nawagattegama,Puttalam
Nelumwewa,Puttalam
Norachcholai,Puttalam
Pallama,Puttalam
Palliwasalturai,Puttalam
Panirendawa,Puttalam
Parakramasamudraya,Puttalam
Pothuwatawana,Puttalam
Puttalam,Puttalam
Puttalam Cement Factory,Puttalam
Rajakadaluwa,Puttalam
Saliyawewa Junction,Puttalam
Serukele,Puttalam
Siyambalagashene,Puttalam
Tabbowa,Puttalam
Talawila Church,Puttalam
Toduwawa,Puttalam
Udappuwa,Puttalam
Uridyawa,Puttalam
Vanathawilluwa,Puttalam
Waikkal,Puttalam
Watugahamulla,Puttalam
Wennappuwa,Puttalam
Wijeyakatupotha,Puttalam
Wilpotha,Puttalam
Yodaela,Puttalam
Yogiyana,Puttalam
Akarella,Ratnapura
Amunumulla,Ratnapura
Atakalanpanna,Ratnapura
Ayagama,Ratnapura
Balangoda,Ratnapura
Batatota,Ratnapura
Beralapanathara,Ratnapura
Bogahakumbura,Ratnapura
Bolthumbe,Ratnapura
Bomluwageaina,Ratnapura
Bowalagama,Ratnapura
Bulutota,Ratnapura
Dambuluwana,Ratnapura
Daugala,Ratnapura
Dela,Ratnapura
Delwala,Ratnapura
Dodampe,Ratnapura
Doloswalakanda,Ratnapura
Dumbara Manana,Ratnapura
Eheliyagoda,Ratnapura
Ekamutugama,Ratnapura
Elapatha,Ratnapura
Ellagawa,Ratnapura
Ellaulla,Ratnapura
Ellawala,Ratnapura
Embilipitiya,Ratnapura
Eratna,Ratnapura
Erepola,Ratnapura
Gabbela,Ratnapura
Gangeyaya,Ratnapura
Gawaragiriya,Ratnapura
Gillimale,Ratnapura
Godakawela,Ratnapura
Gurubewilagama,Ratnapura
Halwinna,Ratnapura
Handagiriya,Ratnapura
Hatangala,Ratnapura
Hatarabage,Ratnapura
Hewanakumbura,Ratnapura
Hidellana,Ratnapura
Hiramadagama,Ratnapura
Horewelagoda,Ratnapura
Ittakanda,Ratnapura
Kahangama,Ratnapura
Kahawatta,Ratnapura
Kalawana,Ratnapura
Kaltota,Ratnapura
Kalubululanda,Ratnapura
Kananke Bazaar,Ratnapura
Kandepuhulpola,Ratnapura
Karandana,Ratnapura
Karangoda,Ratnapura
Kella Junction,Ratnapura
Keppetipola,Ratnapura
Kiriella,Ratnapura
Kiriibbanwewa,Ratnapura
Kolambage Ara,Ratnapura
Kolombugama,Ratnapura
Kolonna,Ratnapura
Kudawa,Ratnapura
Kuruwita,Ratnapura
Lellopitiya,Ratnapura
Imaduwa,Ratnapura
Imbulpe,Ratnapura
Mahagama Colony,Ratnapura
Mahawalatenna,Ratnapura
Makandura,Ratnapura
Malwala Junction,Ratnapura
Malwatta,Ratnapura
Matuwagalagama,Ratnapura
Medagalature,Ratnapura
Meddekanda,Ratnapura
Minipura Dumbara,Ratnapura
Mitipola,Ratnapura
Moragala Kirillapone,Ratnapura
Morahela,Ratnapura
Mulendiyawala,Ratnapura
Mulgama,Ratnapura
Nawalakanda,Ratnapura
Nawinnapinnakanda,Ratnapura
Niralagama,Ratnapura
Nivitigala,Ratnapura
Omalpe,Ratnapura
Opanayaka,Ratnapura
Padalangala,Ratnapura
Pallebedda,Ratnapura
Pallekanda,Ratnapura
Pambagolla,Ratnapura
Panamura,Ratnapura
Panapola,Ratnapura
Paragala,Ratnapura
Parakaduwa,Ratnapura
Pebotuwa,Ratnapura
Pelmadulla,Ratnapura
Pinnawala,Ratnapura
Pothdeniya,Ratnapura
Rajawaka,Ratnapura
Ranwala,Ratnapura
Rassagala,Ratnapura
Rathgama,Ratnapura
Ratna Hangamuwa,Ratnapura
Ratnapura,Ratnapura
Sewanagala,Ratnapura
Sri Palabaddala,Ratnapura
Sudagala,Ratnapura
Thalakolahinna,Ratnapura
Thanjantenna,Ratnapura
Theppanawa,Ratnapura
Thunkama,Ratnapura
Udakarawita,Ratnapura
Udaniriella,Ratnapura
Udawalawe,Ratnapura
Ullinduwawa,Ratnapura
Veddagala,Ratnapura
Vijeriya,Ratnapura
Waleboda,Ratnapura
Watapotha,Ratnapura
Waturawa,Ratnapura
Weligepola,Ratnapura
Welipathayaya,Ratnapura
Wikiliya,Ratnapura
Agbopura,Trincomalee
Buckmigama,Trincomalee
China Bay,Trincomalee
Dehiwatte,Trincomalee
Echchilampattai,Trincomalee
Galmetiyawa,Trincomalee
Gomarankadawala,Trincomalee
Kaddaiparichchan,Trincomalee
Kallar,Trincomalee
Kanniya,Trincomalee
Kantalai,Trincomalee
Kantalai Sugar Factory,Trincomalee
Kiliveddy,Trincomalee
Kinniya,Trincomalee
Kuchchaveli,Trincomalee
Kumburupiddy,Trincomalee
Kurinchakerny,Trincomalee
Lankapatuna,Trincomalee
Mahadivulwewa,Trincomalee
Maharugiramam,Trincomalee
Mallikativu,Trincomalee
Mawadichenai,Trincomalee
Mullipothana,Trincomalee
Mutur,Trincomalee
Neelapola,Trincomalee
Nilaveli,Trincomalee
Pankulam,Trincomalee
Pulmoddai,Trincomalee
Rottawewa,Trincomalee
Sampaltivu,Trincomalee
Sampoor,Trincomalee
Serunuwara,Trincomalee
Seruwila,Trincomalee
Sirajnagar,Trincomalee
Somapura,Trincomalee
Tampalakamam,Trincomalee
Thuraineelavanai,Trincomalee
Tiriyayi,Trincomalee
Toppur,Trincomalee
Trincomalee,Trincomalee
Wanela,Trincomalee
Vavuniya,Vavuniya
Colombo 1,Colombo
Colombo 3,Colombo
Colombo 4,Colombo
Colombo 5,Colombo
Colombo 7,Colombo
Colombo 9,Colombo
Colombo 10,Colombo
Colombo 11,Colombo
Colombo 12,Colombo
Colombo 14,Colombo
Colombo Secretariant,Colombo
Melle Street,Colombo
Rifel Street,Colombo
Gem & Jewelry,Colombo
Torington Square,Colombo
National Museum of Colombo,Colombo
Colombo Labour Sec,Colombo
Polhengoda,Colombo
Anderson Plats,Colombo
Keppetipola Mawatha,Colombo
Narahenpita,Colombo
Kirulapana,Colombo
University of Colombo,Colombo
Colombo General Hospital,Colombo
Gothami Road,Colombo
Wanathamulla,Colombo
Baseline Road,Colombo
Kopiyawatta,Colombo
Maligawatta,Colombo
Panchikawatte,Colombo
Sarasavipaya,Colombo
Maligakanda,Colombo
Wolfendal Street,Colombo
Pettah Bus Stand,Colombo
Colombo Kachcheri,Colombo
Armour Street,Colombo
St. Anthony\'s,Colombo
Miraniya Street,Colombo
Wasala Road,Colombo
Nagalagam Street,Colombo
Aluth Mawatha Road,Colombo
Mutwal South,Colombo
Beddagana,Colombo
Madiwela,Colombo
Sri Perakumpura,Colombo
Mirihana North,Colombo
Nawala-Koswatte,Colombo
Nawala,Colombo
Rajagiriya,Colombo
Parliament of Sri Lanka,Colombo
Obeysekarapura,Colombo
Kalapaluwawa,Colombo
Talangama North,Colombo
Talangama South,Colombo
Jayawardhenegama,Colombo
Isurupaya,Colombo
Sethsiripaya,Colombo
Malabe,Colombo
Oruwala,Colombo
Panagoda Army Camp,Colombo
Magammana-Dolekade,Colombo
Homagama Town,Colombo
Godagama Junction,Colombo
Panagoda,Colombo
Galawilawaththa,Colombo
Kottawa,Colombo
Pelenwatta,Colombo
Arawwala West,Colombo
Kottawa North,Colombo
Rukmale-Pannipitiya,Colombo
Malapalla,Colombo
Mattegoda,Colombo
Mirihana,Colombo
Udahamulla,Colombo
Kohuwala,Colombo
Pamunuwa-Patiragoda,Colombo
Sudanapura,Colombo
Nawinna,Colombo
Vidyodaya University,Colombo
Pepiliyana,Colombo
Katuwawala,Colombo
Suwarapola,Colombo
Gorakapitiya,Colombo
Makandana,Colombo
Kesbewa,Colombo
Bokundara,Colombo
Kahathuduwa,Colombo
Ratmalana North,Colombo
Sirimal Uyana,Colombo
Ratmalana,Colombo
Koralawella,Colombo
Egodauyana North,Colombo
Egodauyana South,Colombo
Indibedda,Colombo
Moratumulla,Colombo
Rawathawatta,Colombo
Willorawatta,Colombo
Lunawa,Colombo
Laksapatiya,Colombo
Angulana,Colombo
Kaldemulla,Colombo
Katubedda,Colombo
Liyanwala,Colombo
Poregedara,Colombo
Dampe,Colombo
Malagala,Colombo
Meepe Junction,Colombo
Pinnawala-Waga,Colombo
Angampitiya,Colombo
Arukwathupura,Colombo
Kandanapitiya,Colombo
Gurulana,Colombo
Udugamkanda,Colombo
Wattala,Gampaha
Bulnewa,Anuradhapura
Kebithigollewa,Anuradhapura
Madipola,Matale
Karatota,Matara
Gangulandeniya,Hambantota
Idalgashinna,Badulla
Allaipiddi,Jaffna
Allaveddi,Jaffna
Alvai,Jaffna
Anaikoddai,Jaffna
Analaitivu,Jaffna
Araly,Jaffna
Atchuveli,Jaffna
Chankanai,Jaffna
Chavakachcheri,Jaffna
Chullipuram,Jaffna
Chundikuli,Jaffna
Chunnakam,Jaffna
Delft West,Jaffna
Delft,Jaffna
Eluvaitivu,Jaffna
Erialai,Jaffna
Ilavalai,Jaffna
Kankesanthurai,Jaffna
Karainagar,Jaffna
Karaveddi,Jaffna
Kayts,Jaffna
Kodikamam,Jaffna
Kokuvil,Jaffna
Kondavil,Jaffna
Kopay,Jaffna
Kudatanai,Jaffna
Mallakam,Jaffna
Mandaitivu,Jaffna
Manipay,Jaffna
Mathagal,Jaffna
Meesalai,Jaffna
Mahiyampathy,Jaffna
Mirusuvil,Jaffna
Nagarkovil,Jaffna
Nagendramadam,Jaffna
Nainathivu,Jaffna
Neervely,Jaffna
Pandaterippu,Jaffna
Point Pedro,Jaffna
Puloly,Jaffna
Pungudutivu,Jaffna
Puttur,Jaffna
Sandilipay,Jaffna
Sangarathai,Jaffna
Sithankerny,Jaffna
Sivankovilady,Jaffna
Thellippallai,Jaffna
Thondamanaru,Jaffna
Urumpirai,Jaffna
Vaddukoddai,Jaffna
Valvettithurai,Jaffna
Varany,Jaffna
Vasavilan,Jaffna
Velanai,Jaffna
Gurunagar,Jaffna
Kaitadi,Jaffna
Nallur,Jaffna
Thirunelvely,Jaffna
Vannarponnai,Jaffna
Akkarayankulam,Kilinochchi
Aliyawalai,Kilinochchi
Chempiyanpattu,Kilinochchi
Elephant Pass,Kilinochchi
Eluthumadduval,Kilinochchi
Iranaitiv,Kilinochchi
Iyyakachchi,Kilinochchi
Kavutharimunai,Kilinochchi
Konavil,Kilinochchi
Mulliyan,Kilinochchi
Murasumoddai,Kilinochchi
Pallavarayankaddu,Kilinochchi
Paranthan,Kilinochchi
Puliyampokkanai,Kilinochchi
Punakari-Nallur,Kilinochchi
Ramanathapuram,Kilinochchi
Sivapuram,Kilinochchi
Skanthapuram,Kilinochchi
Thalaiyadi,Kilinochchi
Tharmapuram,Kilinochchi
Uruthirapuram,Kilinochchi
Vaddakachchi,Kilinochchi
Vannerikkulam,Kilinochchi
Veravil,Kilinochchi
Vinayagapuram,Kilinochchi
Ambalnagar,Kilinochchi
Cheddiyakurichchi,Kilinochchi
Chundikulam,Kilinochchi
Kalmadunagar,Kilinochchi
Karadipokku,Kilinochchi
Kilay,Kilinochchi
Kunchuparanthan,Kilinochchi
Muhamalai,Kilinochchi
Pallai,Kilinochchi
Sivanagar,Kilinochchi
Soranpattu,Kilinochchi
Thirunagar,Kilinochchi
Thiruvaiaru,Kilinochchi
Alampil,Mullaitivu
Karuppaddamurippu,Mullaitivu
Mankulam,Mullaitivu
Mullivaikkal,Mullaitivu
Mulliyawalai,Mullaitivu
Muththaiyankaddukulam,Mullaitivu
Naddankandal,Mullaitivu
Oddusudan,Mullaitivu
Puthukkudiyiruppu,Mullaitivu
Puthuvedduvan,Mullaitivu
Thunukkai,Mullaitivu
Udayarkaddu,Mullaitivu
Vavunakkulam,Mullaitivu
Visvamadukulam,Mullaitivu
Yogapuram,Mullaitivu
Ampalavanpokkanai,Mullaitivu
Ananthapuram,Mullaitivu
Ethawetunuwewa,Mullaitivu
Kokkilai,Mullaitivu
Kokkuthuoduvai,Mullaitivu
Kumulamunai,Mullaitivu
Mullathivu,Mullaitivu
Murukandy,Mullaitivu
Welioya,Mullaitivu
Nedunkerny,Vavuniya
Neriyakulam,Vavuniya
Alagalla,Vavuniya
Andiyapuliyankulam,Vavuniya
Asikulam,Vavuniya
Cheddikulam,Vavuniya
Chemamadukulam,Vavuniya
Iranai lluppaikulam,Vavuniya
Kalmadhu,Vavuniya
Iratta Periyakulama,Vavuniya
Kanagarayankulam,Vavuniya
Kannaddi,Vavuniya
Kela Bogaswewa,Vavuniya
Kovilkulam,Vavuniya
Madukanda,Vavuniya
Mahakachchakodiya,Vavuniya
Mamaduwa,Vavuniya
Maradammaduwa,Vavuniya
Maraiyadithakulam,Vavuniya
Maruthodai,Vavuniya
Mathavuvaithakulam,Vavuniya
Nainamadu,Vavuniya
Nelukkulam,Vavuniya
Nochchimoddai,Vavuniya
Omanthai,Vavuniya
Palamoddai,Vavuniya
Pampaimadu,Vavuniya
Pavakkulama Unit 1,Vavuniya
Pavakkulama Unit 2,Vavuniya
Periyathambanai,Vavuniya
Periya Ulukkulama,Vavuniya
Poovarasankulam,Vavuniya
Puliyankulam,Vavuniya
Sathirikulankulam,Vavuniya
Sinnasippikulam,Vavuniya
Thandikulam,Vavuniya
Vaarikkuttiyoor,Vavuniya
Aandankulam,Mannar
Adampan,Mannar
Arippu,Mannar
Athimottai,Mannar
Chilavathurai,Mannar
Erukkalampiddy,Mannar
Illuppaikadavai,Mannar
Karisal,Mannar
Kokkupadayan,Mannar
Madhu Church,Mannar
Madhu Road,Mannar
Marichchikaddi,Mannar
Mullikulam,Mannar
Murunkan,Mannar
Nanattan,Mannar
Palampiddy,Mannar
Pallimunai,Mannar
Pandaraveli,Mannar
Pappamoddai,Mannar
Parappankandal,Mannar
Parappukadanthan,Mannar
Periyakunchikulam,Mannar
Periyamadhu,Mannar
Periyapandivirichchan,Mannar
Pesalai,Mannar
Potkerny,Mannar
Puthuveli,Mannar
Sooriyakaddaikadhu,Mannar
Thalaimannar,Mannar
Thalaimannar Pier,Mannar
Thalaimannar West,Mannar
Thalvupadu,Mannar
Tharapuram,Mannar
Thiruketheeswaram,Mannar
Uyilankulam,Mannar
Uyirtharasankulam,Mannar
Vaddakandal,Mannar
Vankalai,Mannar
Vellankulam,Mannar
Veppankulam,Mannar
Vidataltivu,Mannar
Mabola,Gampaha
